"T1";"T2";"patient_id"
7;16;1
11;9;2
7;10;3
12;6;4
12;7;5
11;12;6
10;8;7
7;7;8
8;10;9
9;14;10
9;7;11
8;5;12
6;7;13
9;6;14
5;11;15
10;9;16
15;3;17
4;6;18
11;3;19
9;10;20
10;17;21
11;6;22
14;9;23
7;8;24
7;5;25
9;5;26
10;9;27
5;10;28
10;7;29
4;6;30
8;7;31
12;5;32
5;6;33
6;5;34
9;13;35
15;9;36
14;10;37
8;13;38
9;12;39
7;12;40
11;11;41
9;7;42
13;5;43
4;8;44
10;10;45
10;13;46
14;9;47
12;10;48
9;5;49
8;12;50
5;12;51
3;9;52
9;14;53
9;10;54
11;10;55
2;3;56
14;19;57
16;5;58
7;10;59
14;9;60
7;10;61
10;4;62
16;10;63
6;3;64
14;15;65
6;13;66
7;7;67
10;15;68
7;9;69
7;9;70
6;11;71
4;6;72
10;9;73
11;12;74
6;5;75
7;9;76
8;4;77
8;13;78
13;16;79
9;8;80
4;8;81
11;14;82
8;10;83
12;10;84
18;7;85
12;7;86
10;3;87
2;10;88
6;8;89
9;9;90
8;3;91
11;5;92
4;8;93
16;12;94
8;14;95
6;8;96
15;13;97
3;7;98
14;11;99
9;8;100
10;6;101
7;11;102
7;15;103
8;7;104
7;8;105
13;10;106
6;9;107
6;6;108
13;10;109
11;8;110
14;13;111
17;15;112
4;12;113
16;13;114
7;9;115
8;7;116
8;10;117
9;6;118
3;8;119
8;12;120
5;10;121
4;14;122
13;11;123
11;10;124
6;5;125
10;13;126
7;9;127
2;6;128
13;5;129
5;18;130
11;10;131
8;6;132
10;4;133
7;7;134
7;9;135
6;8;136
10;10;137
4;11;138
7;11;139
9;8;140
11;12;141
9;8;142
10;8;143
13;10;144
6;9;145
6;11;146
18;8;147
8;8;148
10;7;149
9;8;150
10;8;151
8;11;152
9;9;153
6;14;154
8;5;155
7;15;156
1;8;157
9;6;158
14;8;159
11;11;160
13;8;161
12;8;162
3;8;163
6;9;164
17;13;165
16;6;166
8;6;167
12;4;168
10;12;169
11;6;170
5;10;171
6;7;172
9;6;173
15;8;174
17;10;175
5;8;176
7;10;177
6;5;178
8;16;179
6;20;180
3;7;181
3;12;182
10;10;183
13;8;184
15;9;185
5;8;186
7;8;187
8;8;188
2;13;189
8;8;190
10;13;191
11;9;192
12;7;193
3;9;194
4;8;195
10;6;196
8;4;197
11;7;198
9;7;199
8;8;200
6;7;201
11;13;202
14;6;203
14;11;204
7;7;205
10;11;206
5;10;207
10;10;208
8;11;209
10;8;210
12;10;211
10;9;212
4;0;213
18;6;214
10;11;215
6;12;216
7;9;217
7;8;218
9;11;219
6;9;220
12;7;221
8;5;222
9;10;223
9;9;224
6;8;225
7;9;226
11;14;227
8;9;228
9;5;229
9;14;230
6;10;231
5;7;232
8;12;233
7;5;234
9;12;235
5;6;236
11;11;237
5;14;238
5;11;239
7;5;240
10;8;241
11;4;242
9;10;243
13;10;244
4;13;245
15;7;246
10;7;247
7;6;248
8;8;249
14;14;250
9;9;251
11;9;252
9;5;253
14;10;254
5;8;255
4;3;256
4;4;257
8;7;258
14;8;259
11;13;260
9;11;261
10;12;262
10;15;263
9;9;264
11;6;265
10;3;266
11;10;267
10;8;268
13;10;269
11;15;270
9;10;271
9;15;272
11;6;273
8;5;274
10;16;275
6;10;276
6;9;277
11;9;278
6;15;279
10;14;280
14;13;281
11;12;282
4;10;283
11;11;284
7;7;285
9;8;286
5;9;287
9;11;288
8;4;289
7;7;290
4;8;291
9;12;292
12;10;293
4;7;294
13;7;295
5;9;296
10;12;297
13;8;298
11;13;299
12;3;300
